<?xml version="1.0" encoding="UTF-8"?>
<!DOCTYPE mapper PUBLIC "-//mybatis.org//DTD Mapper 3.0//EN" "http://mybatis.org/dtd/mybatis-3-mapper.dtd" >
<mapper namespace="com.min.edu.model.AnswerboardDaoImpl">
	<!-- 전체글 조회 selectAllBoard -->
	<select id="selectAllBoard" resultType="AnswerboardDto">
		SELECT SEQ,ID,TITLE,
		"REF",STEP,"DEPTH",REGDATE,DELFLAG,NAME
		FROM ANSWERBOARD a JOIN
		USERINFO u
		USING(ID)
		ORDER BY REF DESC, STEP
	</select>

	<!-- 상세글 조회 selectDetailBoard -->
	<select id="selectDetailBoard" parameterType="java.lang.String"
		resultType="AnswerboardDto">
		SELECT SEQ,ID,TITLE,CONTENT,TO_CHAR(REGDATE,'YYYY.mm.DD.')
		AS REGDATE
		FROM ANSWERBOARD a
		WHERE SEQ=#{seq}
	</select>

	<!-- 글 수정 modifyBoard -->
	<update id="modifyBoard" parameterType="java.util.Map">
		UPDATE ANSWERBOARD SET
		CONTENT=#{content}
		WHERE SEQ=#{seq}
	</update>

	<!-- 쿼리테스트 문서에 추가하기! -->
	<!-- DB 글 삭제 deleteBoard -->
	<delete id="deleteBoard" parameterType="java.lang.String">
		DELETE FROM ANSWERBOARD
		WHERE SEQ=#{seq}
	</delete>

	<!-- 글 다중 삭제 DELFLAG UPDATE multiDeleteBoard -->
	<delete id="multiDeleteBoard" parameterType="java.util.List">
		UPDATE ANSWERBOARD
		SET DELFLAG ='Y'
		WHERE SEQ IN
		<foreach collection="list" item="seq" open="(" separator=","
			close=")">
			#{seq}
		</foreach>
	</delete>

	<!--  글 입력 insertBoard -->
	
	<!-- <insert id="insertBoard" parameterType="AnswerboardDto"> -->
	<!-- <selectKey keyProperty="seq" resultType="java.lang.Integer" -->
	<!-- order="BEFORE"> -->
	<!-- SELECT ANSWERBOARD_SEQ.NEXTVAL AS SEQ FROM DUAL -->
	<!-- </selectKey> -->
	<!-- INSERT INTO ANSWERBOARD a -->
	<!-- (SEQ,ID,TITLE,CONTENT,"REF",STEP,"DEPTH",REGDATE,DELFLAG) -->
	<!-- VALUES(#{seq},#{id},#{title},#{content} -->
	<!-- ,(SELECT NVL(MAX(REF),0)+1 FROM -->
	<!-- ANSWERBOARD a),0,0,SYSDATE,'N') -->
	<!-- </insert> -->

	<!-- 글입력 insertBoard -->
	<insert id="insertBoard" parameterType="AnswerboardDto">
		<selectKey keyProperty="seq" resultType="java.lang.Integer"
			order="BEFORE">
			SELECT ANSWERBOARD_SEQ.NEXTVAL AS SEQ FROM DUAL
		</selectKey>
		INSERT INTO ANSWERBOARD
		(SEQ, ID, TITLE,
		CONTENT, "REF", STEP,
		"DEPTH", REGDATE, DELFLAG)
		VALUES(#{seq}, #{id}, #{title},
		#{content}, (SELECT NVL(MAX(REF),0)+1 FROM ANSWERBOARD a), 0,
		0, SYSDATE, 'N')

	</insert>

	<!-- 답글 업데이트 replyUpdate -->
	<update id="replyUpdate" parameterType="AnswerboardDto">
		UPDATE ANSWERBOARD SET
		STEP=STEP+1
		WHERE REF=(SELECT REF FROM ANSWERBOARD a WHERE SEQ=#{seq})
		AND STEP>(SELECT STEP FROM ANSWERBOARD a WHERE SEQ=#{seq})

	</update>

	<!-- 답글입력 replyInsert -->
	<insert id="replyInsert" parameterType="AnswerboardDto">
		INSERT INTO ANSWERBOARD
		(SEQ, ID, TITLE, CONTENT, "REF", STEP, "DEPTH", REGDATE, DELFLAG)
		VALUES(ANSWERBOARD_SEQ.NEXTVAL,
		#{id}, #{title}, #{content}, (SELECT
		REF FROM ANSWERBOARD a WHERE
		SEQ=#{seq}),(SELECT STEP FROM ANSWERBOARD
		a2 WHERE
		SEQ=#{seq})+1,(SELECT "DEPTH" FROM ANSWERBOARD a2 WHERE
		SEQ=#{seq})+1,
		SYSDATE,'N')
	</insert>
</mapper>
