<?xml version="1.0" encoding="UTF-8"?>
<!DOCTYPE configuration PUBLIC "-//mybatis.org//DTD Config 3.0//EN" "http://mybatis.org/dtd/mybatis-3-config.dtd" >
<configuration>
	<properties resource="properties/db.properties" />
	
	<typeAliases>
		<typeAlias type="com.min.edu.dto.AnswerboardDto" alias="AnswerboardDto" />
		<typeAlias type="com.min.edu.dto.UserInfoDto" alias="UserInfoDto" />
	</typeAliases>

	<environments default="development">
		<environment id="development">
			<transactionManager type="JDBC" />
			<dataSource type="POOLED">
				<property name="driver" value="${driver}" />
				<property name="url" value="${url}" />
				<property name="username" value="${user}" />
				<property name="password" value="${pw}" />
			</dataSource>

		</environment>
	</environments>

	<mappers>
		<mapper resource="sql/UserInfo_Statement.xml" />
		<mapper resource="sql/Answerboard_Statement.xml" />
	</mappers>

</configuration>
